CustomerID,Name,Surname,Age,Gender,Income,Region
1,prince,linda,24,Female,89097,GT
2,shneur,axel,34,Female,62719,EC
3,michelle,anisa,48,Female,45999,EasternCape
4,eli,zoe,34,Female,48926,NC
5,max,virginia,67,Female,80778,MP
6,sergio,ashton,59,Female,75471,NW
7,ivan,jerry,21,Male,56049,NW
8,matthew,antonio,64,Male,41339,NW
9,grayson,aziza,26,Male,65659,LP
9,grayson,aziza,26,Male,65659,LP
10,heaven,sarai,47,Male,51972,NL
11,bruchy,david,44,Male,86687,GT
12,asia,karla,49,Male,40729,GT
13,declan,nina,18,Female,54676,GT
14,aria,malek,36,Female,72632,EC
14,aria,malek,36,Female,72632,EC
15,gianna,janiyah,49,Female,86197,NC
304,juliana,hunter,54,Male,53805,NL
16,isabella,sadie,41,Male,47255,EC
17,zoe,alison,49,Male,49692,LP
18,mordechai,kaitlyn,62,Male,86498,Mpumalanga
19,jaiden,ishaan,43,Male,65077,LP
20,mackenzie,bruce,22,Female,52356,GT
21,cesar,bracha,51,Female,62081,GT
22,heidy,skylah,51,Female,42740,WC
160,alina,carter,62,Male,77443,NC
23,yusuf,logan,25,Female,76855,FS
24,pablo,john,68,Male,70777,GT
630,eileen,augustus,73,Female,48100,NC
25,alina,calvin,68,Female,68340,NL
26,oscar,daniela,60,Male,41240,LP
27,janice,stella,52,Male,79633,GT
28,juliet,kaylee,65,Male,86724,NC
29,annie,eric,49,Female,73918,NC
501,nelson,rehan,55,Female,64978,EC
30,diego,jacob,33,Male,67722,NC
98,henry,noemi,62,Male,67812,NL
31,elliot,eva,48,Male,71117,LP
32,gianna,adrian,65,Female,46708,MP
33,brayden,eden,20,Female,79882,NC
34,baruch,binyomin,32,Male,62054,FS
957,alexis,amira,79,Female,79562,GT
35,terrell,abigail,80,Male,86906,FS
36,axel,moshe,80,Female,75312,LP
37,roberto,dean,49,Male,47310,EC
38,emma,camila,18,Male,83973,WC
39,albert,abraham,71,Male,43782,NL
40,caden,eshal,68,Female,89820,MP
41,queena,adriana,53,Male,49675,NW
42,jalen,heidy,27,Male,68875,NC
43,joshua,steven,58,Male,52473,FS
44,joseph,paul,51,Male,58352,WC
45,amir,harrison,78,Female,73972,FS
46,phoebe,chase,24,Male,81593,EC
47,mohammed,montserrat,39,Male,84933,GT
48,jayce,shevy,52,Female,43949,LP
49,stephanie,nana,30,Female,73199,WesternCape
50,nathan,genesis,61,Male,45894,WesternCape
51,yakov,adelyn,24,Female,59003,LP
52,ilana,aiden,59,Female,55191,WC
53,kyle,liliana,37,Female,57136,NW
54,armani,evan,23,Female,82211,FS
55,poppy,destiny,62,Male,61877,WC
56,dennis,timothy,28,Male,70407,GT
57,adrian,mira,65,Male,62522,NL
58,lev,dylan,69,Female,64148,WC
59,carter,caleb,20,Female,52286,NW
60,cairo,isaac,24,Male,82197,LP
61,maxwell,rodrigo,68,Male,68106,NW
62,miles,kimberly,58,Male,69390,Gauteng
63,aliyah,adriana,52,Male,54389,EasternCape
64,camilo,julian,25,Female,79748,LP
65,camilla,christian,76,Male,58191,NL
66,brittany,jayden,30,Female,60303,GT
67,serena,raphael,32,Female,67802,NC
68,alyson,ruby,80,Male,50624,LP
69,zoey,aminata,23,Male,45757,EC
70,nosson,miles,71,Male,53829,NW
71,hamza,riley,34,Female,70322,FS
72,aaron,lukas,44,Male,53998,FS
73,hunter,aniyah,44,Male,45651,GT
74,ahuva,duvid,57,Female,75259,NL
75,sean,kameron,68,Female,54708,NorthWest
76,giselle,james,38,Female,46927,NL
77,elaine,adriana,55,Female,52936,NC
78,christopher,max,75,Male,54857,NL
79,paul,gabriella,29,Male,53356,GT
80,mayer,lily,66,Female,52941,NW
81,lyric,jean,22,Male,45712,NC
82,ariel,arianna,61,Female,48559,EC
83,chance,julia,53,Female,68911,FS
84,kingston,kayla,66,Male,86639,WC
85,anika,abby,68,Male,76926,FS
86,sara,rifky,67,Male,76656,WC
87,adele,asia,25,Female,53664,GT
88,giuliana,joseph,66,Male,70020,NW
89,leah,sean,35,Male,79329,EC
90,samantha,claire,28,Female,61186,GT
91,evan,victoria,69,Male,46421,EC
92,aniyah,zalmen,33,Male,58256,MP
93,jessica,destiny,53,Female,67679,WC
94,jayda,amir,47,Male,42244,MP
95,aubrey,maria,66,Female,73797,WesternCape
96,alana,bryan,79,Female,59529,WC
97,aria,madison,27,Female,66881,NW
98,henry,noemi,62,Male,67812,NL
99,anderson,gia,19,Male,59994,MP
100,savannah,marcus,56,Male,41729,EC
101,valentina,jasper,22,Female,65012,NL
102,sara,riley,46,Male,55160,MP
103,harry,tiana,62,Female,72460,GT
104,hunter,mya,70,Male,63570,NC
105,arianna,shaya,35,Male,86853,MP
106,louis,brandon,63,Female,71857,MP
107,sebastian,hannah,53,Female,72522,NL
108,juliette,steven,61,Female,57209,EC
109,cristopher,stephanie,59,Male,48645,EC
110,blake,king,59,Female,55261,EC
111,vivienne,mason,66,Male,74533,EC
112,emerson,amir,58,Female,76348,NL
113,olivia,aviva,43,Female,63285,NL
114,alyssa,meyer,52,Female,79578,EC
115,devin,tristan,59,Female,88656,GT
116,menachem,megan,37,Female,49224,MP
117,benjamin,zachary,74,Female,46351,NW
118,jordyn,kiara,28,Male,59402,GT
119,erin,aiden,58,Male,87127,FS
120,david,malik,37,Female,66127,Natal
121,amir,neymar,75,Male,74568,MP
122,annabelle,michelle,59,Male,61060,NorthernCape
123,aubrey,king,56,Male,49878,WC
124,makayla,jason,47,Female,60214,NC
125,taylor,lucy,22,Female,48926,WC
126,owen,gianna,25,Male,59749,NC
127,veronika,nora,62,Female,54457,NC
128,shoshana,kyle,28,Male,76969,NC
129,edward,sima,24,Female,89386,NC
130,charlotte,gabriella,55,Male,81598,MP
131,charles,fatima,22,Female,51878,NL
132,kyle,bradley,24,Female,73963,LP
133,elijah,cyrus,21,Male,73155,NL
134,ibrahim,laila,70,Female,83802,NL
135,abby,emily,21,Male,86542,MP
136,joseph,isla,50,Female,70855,FS
137,lia,lina,69,Male,77066,NC
138,christian,jacob,31,Female,63998,MP
139,mohammed,ricardo,67,Female,43661,GT
140,abdiel,mohammed,42,Male,55588,NL
141,janelle,haylee,27,Male,77256,MP
142,nicolas,cristopher,26,Male,72680,MP
143,efraim,zissy,22,Female,51108,FS
144,michelle,pearl,26,Male,45171,MP
145,myles,jessica,30,Female,62344,NL
146,giovani,devorah,57,Female,66048,FS
147,eliezer,richard,24,Female,40513,NC
148,shaul,ishmael,49,Female,44374,NL
149,ariel,litzy,36,Male,68251,NW
150,chanie,brayan,35,Male,88526,NW
151,alessia,mia,27,Male,43133,NL
152,kate,andy,32,Female,87097,MP
153,vanessa,zoey,67,Male,45360,EC
154,samuel,hailey,73,Female,89623,WesternCape
155,lindsay,nolan,19,Female,41622,LP
156,boruch,ibrahim,47,Female,68859,FS
157,oliver,raizel,71,Female,84583,FS
158,madisyn,isaiah,29,Male,89954,NL
159,sariah,maximilian,36,Female,85076,LP
160,alina,carter,62,Male,77443,NC
161,yides,maliha,69,Female,44131,WC
162,maximus,lily,20,Male,54087,EC
163,peter,amelia,49,Male,60156,NL
164,matilda,sean,76,Female,81271,GT
165,kaitlyn,cyrus,69,Male,43827,MP
166,symphony,sincere,73,Female,78318,FS
167,maya,sawyer,23,Female,58607,EC
168,khadijah,angelina,73,Female,43841,NW
169,sincere,logan,52,Male,70339,NL
170,hunter,felix,52,Male,73120,WC
171,vivienne,elizabeth,66,Male,61907,WC
172,sage,elias,44,Male,70835,NW
173,marlowe,aicha,47,Female,60940,NW
174,paul,gabriella,68,Female,63226,LP
175,sawyer,abraham,21,Male,41464,NW
176,scarlett,naomi,73,Male,66426,NC
177,yusuf,mario,61,Male,50072,FS
178,liam,aidan,74,Female,60963,MP
179,lina,alessandra,43,Female,56526,WC
180,sanaa,bryson,65,Male,56741,NL
181,jeremias,destiny,20,Male,69776,FS
182,umar,chaim,36,Male,59398,GT
183,rivky,erik,73,Female,58903,NW
184,alvin,amani,52,Male,55420,LP
185,parker,trinity,26,Female,50500,WC
186,nayeli,prince,32,Female,47484,GT
187,aaliyah,morris,79,Male,80610,EC
188,liam,mikaela,18,Female,74512,WC
189,alexa,ashley,19,Male,49433,NorthernCape
190,salma,samuel,69,Female,56840,NW
191,lucy,benzion,55,Male,40701,MP
192,louise,hailey,27,Male,49992,NW
193,jaylin,madisyn,48,Male,68339,LP
194,julio,steven,79,Male,71464,LP
195,wynter,gregory,51,Male,87076,WC
196,kenneth,abdul,28,Male,89613,WC
197,nayeli,sofia,42,Male,61250,FS
198,nylah,sabrina,74,Male,86323,WC
199,charlie,blima,66,Female,61825,EC
200,abdul,avril,78,Male,73892,WC
201,shawn,ashton,54,Female,51587,LP
202,eli,aiden,62,Female,81242,EC
203,carla,margot,56,Male,45457,NC
204,isabelle,arya,45,Female,50435,MP
205,nehemiah,clara,56,Female,55905,WC
206,jax,gavin,60,Female,43694,NC
207,jamie,brooklyn,60,Male,60885,NC
208,adrian,albert,72,Male,82017,WC
209,ayden,heaven,75,Male,45649,EC
210,adriana,mendy,54,Female,76126,MP
211,alexa,jaiden,69,Male,61984,NC
212,luca,samuel,66,Female,71104,NC
213,benson,ayden,22,Male,56143,WC
214,richard,leon,62,Female,58736,NC
215,archer,eliezer,21,Female,59523,NC
216,tenzin,jacqueline,37,Female,74544,NC
217,inaaya,kimora,52,Female,69781,EC
218,liam,alvin,75,Male,65468,FS
219,miranda,ava,77,Female,74459,MP
220,lucas,zyaire,35,Male,77324,NL
221,ashley,jael,24,Male,53521,EC
222,isabel,ashton,70,Male,43491,LP
223,greta,zachary,51,Male,63578,WC
224,louisa,alana,30,Female,64484,NC
225,yeshaya,samuel,51,Male,82106,FS
226,violet,maxwell,26,Female,83631,NC
227,benzion,alexandra,48,Male,56572,NW
228,avery,mckenzie,61,Male,48167,MP
229,dominic,ada,49,Female,79169,Gauteng
230,ian,violet,58,Female,53327,MP
231,connor,meghan,50,Male,84269,FS
232,michael,sarai,32,Male,56296,MP
233,lily,delilah,67,Male,60442,NL
234,keyla,johan,53,Male,41571,EC
235,amber,yadiel,37,Female,40771,NW
236,sam,lia,79,Male,70351,NL
687,wesley,shimon,39,Male,76529,WC
237,ella,sean,27,Male,89746,NW
238,desmond,iker,42,Male,88798,GT
239,cameron,sariyah,62,Male,59081,WesternCape
240,isabella,paula,35,Female,68631,NC
241,alexandra,denise,52,Male,64890,NC
242,miranda,beckett,19,Male,75292,MP
243,amanda,naomi,25,Male,47533,MP
244,emmanuel,olivia,78,Female,83904,NC
245,catalina,zachary,76,Male,62052,NL
246,abdullah,edison,80,Male,66594,NC
247,leilani,mohammed,40,Male,64446,FS
248,adriana,fatima,32,Female,59707,MP
249,mya,sarina,63,Male,72420,FS
250,emmett,queenie,69,Male,67488,LP
251,tyler,blake,59,Male,49058,NC
252,quincy,miles,21,Female,64093,NC
253,damon,aubrey,76,Female,76386,EC
254,itzel,abraham,55,Male,71359,WC
255,amelia,lizbeth,43,Female,86197,NC
256,stephen,yassin,58,Female,82339,NW
257,jayden,francesca,70,Female,87406,NW
258,jayden,spencer,28,Male,89963,MP
259,amelia,katie,32,Female,87170,GT
260,gabriela,abby,27,Male,84817,LP
261,annabel,taylor,54,Male,56659,WC
262,frances,stephanie,33,Male,62982,NorthWest
263,giovanni,aryeh,41,Female,59745,EC
264,stella,noel,33,Female,40999,NC
265,maya,jaxson,19,Male,63333,MP
266,mark,alana,62,Female,79368,WC
267,izabella,sanaa,67,Female,65708,GT
268,moises,melanie,60,Female,65160,LP
269,erin,rafael,51,Male,66704,LP
270,hudson,randy,73,Female,55701,MP
271,francisco,paige,77,Male,61046,NW
272,alexa,kimberly,40,Female,48350,GT
273,shayla,jolin,64,Male,72924,NC
274,noah,orlando,69,Female,70333,NW
275,mila,johnny,32,Male,58291,FS
276,rosa,wilson,25,Male,86494,WC
277,annabelle,aayan,28,Female,51703,NL
278,viviana,ismael,22,Male,85841,NC
279,anya,elvis,68,Male,63908,NC
280,madison,mendy,63,Male,74602,NC
281,gabriela,jesse,54,Male,76484,LP
282,emilia,eric,54,Male,60933,FS
283,madeleine,nyla,68,Male,67592,GT
284,ishmael,yaakov,71,Female,77212,FS
285,pedro,ivan,18,Male,74197,GT
286,justin,arely,64,Female,75410,FS
287,mason,ines,54,Female,50751,FS
288,erika,dylan,73,Male,70353,MP
289,aissatou,sabrina,68,Male,67391,GT
290,michelle,george,41,Male,78882,NL
291,roy,noa,65,Female,47636,MP
292,nelson,salvatore,61,Male,89457,NC
293,benson,israel,71,Male,54329,GT
294,xavier,carter,58,Male,72663,NL
295,jacqueline,chavy,18,Male,64268,EC
296,hugo,jaime,51,Female,79754,EC
297,anson,isabelle,19,Female,82000,NL
298,danna,mya,75,Male,68975,NW
299,sarai,miles,61,Male,82865,LP
300,carmen,ella,62,Male,73740,LP
301,brianna,jaiden,25,Female,79916,LP
302,evelyn,olivia,55,Male,61652,NorthernCape
303,cristian,carson,67,Male,59641,NW
304,juliana,hunter,54,Male,53805,NL
305,sara,nayeli,18,Male,73691,EC
306,rose,layla,29,Male,63495,LP
176,scarlett,naomi,73,Male,66426,NC
307,amber,julie,40,Female,78799,NW
308,shira,dean,25,Female,72536,WC
309,hamza,simone,80,Male,70204,GT
310,katelyn,fatima,56,Male,79482,FS
311,aubree,diana,25,Female,78153,NL
312,sholom,valentin,69,Female,67359,MP
313,victoria,paula,29,Male,66633,LP
314,celine,david,56,Female,68048,WC
315,blimy,savannah,72,Male,43236,EC
316,eli,hailey,56,Male,53437,MP
317,crystal,katelyn,19,Male,57381,Limpopo
318,eden,alexis,67,Female,46781,MP
319,gabriela,devin,56,Male,76052,EC
320,brayan,troy,38,Male,40393,EC
321,cameron,genesis,39,Female,62527,NW
322,ayden,eliyahu,69,Male,41906,GT
323,elijah,april,73,Female,86542,NW
324,rafael,diya,57,Female,83501,NorthernCape
325,benjamin,charles,38,Female,62581,NC
326,skyla,luke,47,Male,65502,NorthWest
327,nadia,elizabeth,33,Male,69880,FS
328,sima,janelle,36,Male,40104,NC
329,zara,london,64,Male,48660,LP
330,heaven,stella,78,Female,63258,NL
331,luca,ethan,46,Male,46749,MP
332,nylah,chelsea,56,Male,82992,FS
333,polina,jude,58,Male,79104,Gauteng
334,jayda,milena,39,Female,44229,MP
335,nylah,georgia,52,Female,60301,LP
336,bruchy,jaylene,76,Male,57685,GT
337,audrey,charlie,37,Female,86184,FS
338,amelia,theodore,23,Female,89641,WC
339,jessica,steven,19,Female,68380,NL
340,julia,kelvin,76,Female,58343,WC
341,rachel,elijah,49,Male,68970,FS
342,mandy,chase,39,Female,69215,GT
343,jasmine,adam,72,Female,71942,NL
344,moshe,lily,57,Female,64704,LP
345,julia,ethan,79,Female,52516,NW
346,benjamin,baila,39,Female,72118,GT
347,roman,jamir,63,Female,55482,NL
348,libby,nathan,64,Male,66510,NW
349,athena,ethan,52,Female,67138,GT
350,ashley,eva,53,Male,71534,LP
351,tristan,roy,45,Male,86591,WC
352,vincent,summer,42,Male,65175,NL
353,fraidy,natalie,69,Male,66136,WC
354,logan,genesis,55,Male,49106,WC
355,cristopher,jaxson,63,Female,63135,GT
356,roizy,winston,40,Male,55322,NC
357,khadija,chase,61,Male,66170,GT
358,miranda,anika,54,Female,48780,EC
359,avery,lia,76,Male,40065,WC
360,charles,chloe,41,Female,44742,FS
361,daleyza,nathaniel,80,Male,78033,NL
362,nia,david,22,Female,46957,GT
363,addison,mia,55,Female,45535,GT
364,sylvia,aron,20,Female,56052,NC
365,anthony,jaylin,23,Female,43002,NW
366,eleni,oliver,28,Female,54990,NC
367,jaylene,celeste,63,Male,63764,GT
368,harrison,natalie,37,Female,64152,LP
369,katelyn,leonel,72,Female,49583,NC
370,chavy,rebecca,25,Female,71971,LP
371,mayer,frady,61,Female,57992,NL
372,pedro,elina,51,Female,69216,WC
373,jayda,thomas,24,Male,66447,NL
374,jaylen,daria,64,Female,82086,Natal
375,maya,axel,36,Female,88786,NW
376,gianluca,lucia,74,Female,81321,NL
377,fernanda,violeta,56,Female,42003,EC
378,nevaeh,jaylin,36,Female,67415,LP
379,alondra,mekhi,55,Male,70800,NC
380,eva,james,68,Male,84600,GT
381,matthew,guadalupe,33,Female,60385,MP
382,alisa,brady,80,Male,72636,NW
383,yaritza,ali,52,Male,81889,MP
384,ezequiel,amir,72,Female,84769,NC
385,amirah,jace,80,Male,46106,NC
386,vivian,ryan,20,Female,68215,EC
387,kevin,bryan,68,Male,58615,NW
388,laila,alisson,23,Male,59372,Limpopo
389,batsheva,ricky,49,Female,71874,WC
390,amelia,ivanna,58,Female,42893,NW
391,austin,jack,65,Female,55297,FS
392,jaylen,jessica,24,Male,88355,MP
393,stanley,gianna,71,Female,43674,WC
394,madeline,julius,60,Male,66923,LP
395,yitty,jada,38,Male,67117,LP
396,caleb,riley,35,Female,54090,MP
397,clara,aisha,50,Male,51648,NW
398,sadie,victoria,75,Female,89647,GT
399,sophie,jannat,38,Female,77811,WC
400,stephanie,louise,27,Female,66870,FS
401,anaya,faiga,36,Male,54944,EC
402,jessica,madeline,61,Female,59565,NC
403,aliyah,adriana,66,Female,52293,GT
404,piper,ariel,35,Male,61066,NW
405,adriana,kai,18,Male,54709,FS
406,miles,matteo,20,Male,48986,GT
407,chelsea,john,64,Female,69755,FS
408,perl,roman,70,Female,78093,MP
409,gittel,billie,19,Female,86632,GT
410,london,isabela,80,Female,42296,FreeState
411,june,alfredo,52,Female,55366,MP
412,matthew,idy,48,Male,67861,MP
413,diego,messiah,42,Female,77239,WC
414,leila,shira,30,Female,70329,FreeState
415,anna,eli,39,Male,64148,NW
416,ellis,audrey,31,Male,57753,NW
417,sean,autumn,55,Male,41388,NC
418,ariel,judah,41,Male,85983,WC
419,dov,yamilet,57,Male,61916,NL
420,margaux,frimet,22,Male,78064,NL
421,jayson,saifan,39,Male,84877,MP
422,laila,pablo,55,Male,53233,EC
423,emma,ethan,27,Female,55946,GT
424,rivka,chloe,25,Male,77684,FS
425,anais,mohammad,42,Female,89556,MP
426,hannah,ada,32,Male,49884,NW
427,emily,abby,65,Male,69087,MP
428,jonah,cynthia,49,Female,88783,NW
429,julia,sarah,56,Female,68063,WC
430,jayce,shevy,54,Male,43296,MP
431,tyler,jaslene,55,Female,82353,NW
432,dov,siena,62,Female,77621,WC
433,arya,zion,63,Male,46151,GT
434,millie,reign,60,Female,57792,MP
435,preston,amiyah,18,Male,60024,WC
436,joel,anderson,52,Female,55342,FS
437,lena,alana,42,Female,59201,MP
438,muhammad,jordan,72,Female,63409,GT
439,xavier,hannah,66,Male,88550,NW
440,gitty,mackenzie,26,Female,61170,EC
441,lena,samir,32,Female,76477,MP
442,eli,ethan,72,Female,62374,WC
443,alvin,preston,68,Female,64182,NC
444,damian,william,55,Female,45138,Natal
445,abdullah,addison,79,Female,77466,GT
446,cynthia,faith,25,Female,40116,FS
447,amber,maxwell,18,Male,87913,EC
448,emma,camila,38,Male,45164,FS
449,arjun,devin,32,Male,64622,Limpopo
450,adriel,aayan,78,Female,68260,NW
451,evelyn,kaitlyn,24,Male,43375,NC
452,hunter,luke,55,Female,55419,FS
453,kylie,cecilia,42,Male,74776,LP
454,aaron,joshua,53,Male,58909,LP
455,fanta,lilian,24,Male,85307,MP
456,ella,calvin,41,Female,52735,NC
457,jaylah,yusuf,77,Female,50384,EC
458,madison,violet,29,Male,75085,NL
459,anastasia,george,62,Male,43124,LP
460,kourtney,adan,56,Male,89346,FS
461,olive,armani,30,Female,79098,MP
462,alexander,jordan,75,Male,76310,WC
463,colette,kenny,55,Female,48907,FS
464,priscilla,amir,34,Male,47572,NC
465,vincent,arya,63,Female,49735,NC
466,london,zara,46,Female,79280,WC
467,ava,justin,39,Female,89512,LP
468,kate,jaden,68,Female,50791,EC
469,mila,cataleya,42,Male,72111,WC
470,chesky,abraham,25,Male,40718,NW
471,francesco,alisha,32,Male,84149,EC
472,fatoumata,marco,73,Female,53325,NL
473,jason,ryder,67,Male,45613,NW
474,evan,diana,62,Male,45843,GT
475,rebecca,malia,41,Male,41819,EC
476,amaya,rochel,52,Male,66049,GT
477,arianna,maeve,34,Female,49771,LP
478,megan,danna,37,Male,86230,MP
479,cynthia,alessandra,77,Male,86121,MP
480,cameron,clara,29,Male,48084,NW
481,sebastian,leora,50,Male,42612,MP
482,yael,jonathan,34,Female,58012,WC
483,brody,cameron,30,Female,58456,EC
484,alexander,emily,53,Female,58178,GT
485,sydney,alyssa,80,Female,89603,WC
486,arielle,olive,18,Male,69252,MP
487,alexis,griffin,28,Male,84462,FS
488,julissa,romeo,39,Female,57802,LP
489,fradel,frady,56,Male,42374,NW
490,alice,evan,21,Female,53288,WC
491,jasper,lorenzo,18,Female,44886,NC
492,evan,armani,50,Female,61909,NorthernCape
493,jesus,zissy,42,Female,87972,LP
494,mia,sarai,52,Female,57789,NC
495,samuel,eitan,52,Female,45934,NL
496,logan,jane,26,Male,58027,NC
497,ricardo,journee,61,Male,55016,FS
498,jayda,arham,33,Female,88608,NC
499,andre,ava,54,Male,70040,MP
500,fatima,isabella,34,Male,40396,NW
501,nelson,rehan,55,Female,64978,EC
502,baruch,julia,58,Female,86217,FS
503,leila,alina,80,Male,71781,LP
504,luca,aayan,76,Female,54585,NC
505,liana,bruchy,28,Female,50768,FS
506,mayson,kevin,22,Female,62630,NL
507,erika,calvin,60,Female,89142,LP
508,hailey,valerie,52,Female,70362,LP
509,jayce,abigail,70,Male,88878,NL
510,sherlyn,damon,78,Male,78696,EC
511,yasmin,amy,70,Male,53903,GT
512,benjamin,claire,45,Male,50885,FS
513,nicolas,yehoshua,25,Male,46087,NW
514,evelyn,chavy,80,Female,44740,FS
515,marcus,daniel,19,Male,73506,MP
516,evangeline,blake,33,Male,88019,LP
517,adam,ahmed,27,Female,62750,FS
518,nathaly,giselle,29,Female,73353,LP
519,frank,mina,68,Male,63513,FS
520,steven,savannah,26,Female,86298,NorthernCape
521,maurice,maximus,76,Male,61212,NC
522,cameron,lielle,49,Female,65488,NC
523,christian,eileen,78,Female,77257,GT
524,salvatore,ayden,65,Male,64584,NC
525,andrew,andrea,56,Female,59397,FS
526,benzion,isabella,75,Male,52999,NC
527,abby,jeffrey,41,Female,56709,NL
528,chase,jaden,52,Male,56423,EC
529,cheyenne,josiah,57,Male,63283,NC
530,felix,travis,45,Male,42988,FreeState
531,gavin,melanie,27,Female,49188,EC
532,nahla,giovanni,71,Male,71120,WC
533,josue,serena,75,Male,56439,LP
534,adyan,manha,59,Male,89313,LP
535,zachary,mathew,21,Male,78095,GT
536,menucha,adrian,77,Female,47361,NW
537,heidi,xavier,32,Male,70667,MP
538,emmanuel,omar,66,Female,71020,EC
539,ian,ximena,58,Male,45309,WC
540,nicholas,mathew,22,Male,60879,FS
541,zoe,devorah,22,Male,58067,GT
542,kylie,erika,48,Male,71871,LP
543,sabrina,rhys,64,Female,53055,Limpopo
544,greyson,malia,44,Male,74571,LP
545,tzivia,filip,77,Male,75507,NL
546,nylah,leon,62,Female,78277,NC
547,greyson,jason,37,Female,65136,FS
548,kelly,angelina,42,Male,47626,NL
549,laila,batsheva,58,Female,72802,GT
550,brayden,princeton,63,Female,73839,MP
551,lillian,abdullah,57,Male,82001,MP
552,evelyn,kaitlyn,31,Female,57278,MP
553,kaden,ashly,20,Female,74905,NC
554,delilah,amaya,59,Male,46003,MP
555,nicolas,laura,22,Female,71017,WC
556,maya,kamari,21,Female,82189,NC
557,nolan,jasper,45,Female,75249,GT
558,brittany,timothy,73,Male,47823,NC
559,syeda,leanna,67,Female,66127,GT
560,xin,maximo,72,Female,61973,NC
561,evan,sanai,80,Female,42918,NorthernCape
562,theodore,isis,18,Male,79480,NL
563,pamela,lev,52,Female,73375,FS
564,jencarlos,liliana,63,Female,46119,NorthWest
565,brian,enzo,75,Female,78471,EC
566,elina,zoey,43,Female,60616,NC
567,melanie,graham,43,Female,61335,FS
281,gabriela,jesse,54,Male,76484,LP
568,chase,nikita,66,Male,42382,FS
569,zamir,alexis,24,Female,75123,GT
570,andrew,alan,54,Male,74847,NC
571,samantha,alina,67,Female,77498,NC
572,siena,javier,27,Female,59090,FS
573,edward,shalom,33,Male,76194,EC
574,serena,amelia,44,Male,43093,FS
575,oliver,yides,68,Male,45688,EC
576,allan,jacky,42,Female,42343,FS
577,fernando,aria,75,Female,64935,EC
578,anson,oscar,50,Male,82046,GT
579,elle,sarah,37,Male,72221,NC
580,esty,serenity,78,Female,73505,WC
581,ariel,frank,35,Male,52851,NL
582,diana,tessa,25,Male,72060,EC
583,chana,abigail,21,Male,56475,EC
584,declan,audrey,38,Male,71976,EC
585,ian,clara,29,Female,75996,MP
586,madeleine,hinda,56,Female,43320,WC
587,jason,toby,76,Female,81013,EasternCape
588,maximilian,angelo,46,Female,81454,GT
589,aaron,ashley,32,Female,49373,GT
590,delilah,khaleesi,55,Female,81535,NL
591,alexandra,reese,68,Female,45380,FS
592,matias,reuben,69,Female,40529,WC
593,zamir,alexis,19,Female,77952,FS
594,yachet,brianna,68,Male,58218,NL
595,kendra,zoey,31,Female,64390,FS
596,sean,kayla,71,Female,57882,LP
597,aliyah,amber,63,Female,78739,NorthWest
598,aviva,julianna,19,Female,84525,EC
599,leah,emilia,60,Male,67920,FS
600,elina,serena,65,Male,66791,NL
601,scarlett,hugo,41,Female,83401,GT
602,phoebe,oscar,37,Male,80966,NC
603,elijah,kyle,41,Female,43576,NW
604,juliette,jayden,39,Female,56235,LP
605,ivy,aisha,52,Male,43399,EC
606,amanda,kai,43,Male,75051,FS
607,emily,elise,34,Male,60894,GT
608,ariel,kylie,34,Female,44819,LP
609,ariella,sidney,22,Female,63622,MP
610,amelia,zoey,60,Male,79807,NW
611,nathaly,ryan,66,Male,43979,Mpumalanga
612,stella,ivy,66,Female,86020,NW
613,bryan,hershy,66,Female,41424,NW
614,stephany,stella,43,Male,74070,EC
615,alicia,isabella,23,Male,63149,NW
616,yaakov,liba,56,Female,71439,EC
617,skyler,miguel,43,Male,85856,NL
618,nicole,erik,77,Female,61676,NC
619,brianna,juliet,21,Female,68922,LP
620,jannat,esther,46,Female,87430,NL
621,oliver,taylor,80,Male,63583,NW
622,yael,bennett,28,Male,44412,WC
623,elian,rebecca,41,Female,43722,EC
624,sophia,jayden,32,Male,56701,MP
625,yasmina,scarlett,41,Male,65735,MP
626,eva,mollie,71,Female,41855,LP
627,roselyn,amina,43,Male,86968,WC
628,fernanda,benzion,68,Male,65692,FS
629,theodore,johnny,44,Female,43671,LP
630,eileen,augustus,73,Female,48100,NC
631,samiyah,kai,47,Female,85511,EC
632,bracha,joy,74,Male,44926,FS
633,eli,abdullah,78,Male,67481,NC
634,allyson,eliana,67,Male,45646,FS
635,levi,jada,71,Female,60514,LP
636,frida,angelina,73,Male,48492,GT
637,sebastian,adonis,77,Male,60170,NL
638,gabriella,iris,69,Male,76187,NW
639,ashley,adelina,46,Male,45366,NW
640,nehemiah,kaleb,67,Female,87893,LP
641,simon,shloime,49,Male,51515,EC
642,rifky,rayan,55,Male,42723,MP
643,brian,mohammed,54,Male,79991,Natal
644,tiffany,ricardo,45,Female,79865,NW
645,lily,danny,53,Male,79432,NW
646,berish,cody,19,Male,69267,NW
647,nathan,aidan,32,Female,76126,NC
648,alexandra,idy,75,Female,58717,FS
649,sharon,valeria,39,Male,42870,NW
650,filip,alice,75,Male,81844,NC
651,gabriel,allyson,43,Male,48222,LP
652,ariella,emilia,33,Male,43942,GT
653,alexa,destiny,75,Male,65446,GT
654,amy,giovanni,35,Female,74061,EC
655,adelina,luis,63,Female,46026,NW
656,blake,hudson,78,Male,66981,GT
657,megan,elliott,56,Male,55895,WC
658,kyle,evan,21,Female,88215,NL
659,corey,sima,77,Male,53344,WC
660,king,josephine,74,Female,48907,NW
661,giovanni,yehuda,50,Male,43666,NW
662,ilan,jamar,18,Male,82486,LP
663,aubrey,ariel,48,Female,61818,LP
664,esty,kaya,21,Female,51049,NW
665,alice,gavin,26,Male,84836,MP
666,hannah,carson,39,Female,45496,Mpumalanga
667,aleena,ahuva,26,Female,55067,GT
668,ivanna,manuel,45,Male,43526,NL
669,lindsay,gavin,76,Female,55657,FS
670,ibrahim,phoebe,41,Female,69527,NW
671,charlie,blima,25,Female,61912,WC
672,kiara,amanda,26,Male,70354,GT
673,eric,sariah,55,Female,58966,NL
674,kayla,ana,75,Male,66328,MP
675,anson,miles,62,Male,51485,EC
676,eric,kayden,76,Female,51643,NL
677,sara,maxwell,22,Male,51914,WC
678,kayla,maximilian,70,Female,61377,Gauteng
679,dylan,brian,54,Female,65254,EC
680,lea,sarai,72,Female,80936,GT
681,maurice,hindy,80,Male,64153,MP
682,amaia,mordche,64,Male,59977,NC
683,erick,tiffany,55,Female,44056,FS
684,janelle,andrew,67,Female,68805,EC
685,melody,johanna,24,Male,78020,FS
686,kyle,rivky,79,Female,61704,GT
687,wesley,shimon,39,Male,76529,WC
688,julien,crystal,51,Male,71610,FS
888,aayan,devin,72,Female,54245,NorthWest
689,allen,ellie,27,Male,53648,EC
690,bryson,khloe,58,Male,46856,EC
691,jefferson,perry,65,Female,58048,WC
692,shaya,sofia,76,Male,66543,MP
693,boruch,violet,29,Male,66776,GT
694,zamir,alexis,61,Male,70421,WC
695,lucas,marco,25,Male,69840,GT
696,mason,selina,21,Male,83632,FS
697,natalie,abigail,36,Male,57718,NC
698,anais,damaris,29,Male,43686,NW
370,chavy,rebecca,25,Female,71971,LP
699,malky,meilech,38,Female,51575,LP
700,christopher,amaya,35,Male,59103,NL
701,brielle,michelle,50,Male,54987,NL
702,kai,autumn,77,Female,43557,FS
703,hannah,albert,65,Male,55084,NorthWest
704,jayla,grace,41,Male,73952,MP
705,leonardo,zalmen,54,Male,76111,WC
706,alessia,levi,24,Male,80297,EC
707,benjamin,iris,64,Male,63296,MP
708,savanna,jean,77,Male,65037,EC
709,mason,haylee,38,Female,57904,NL
710,amira,katelyn,30,Male,74652,NW
711,anna,mila,65,Female,45208,LP
712,maxwell,ivy,30,Female,48664,MP
713,angie,kyle,57,Male,60875,LP
714,john,aharon,31,Female,81283,WC
715,sarah,christina,27,Female,69781,LP
716,julissa,natalie,48,Female,56830,NW
717,selena,hayden,57,Female,63242,NW
718,rayan,omar,37,Male,72994,NL
719,ace,victor,35,Male,81396,MP
720,brianna,amir,59,Female,70315,EC
721,toba,isabella,62,Female,50741,WC
722,mariama,danna,50,Female,58111,MP
723,jaylen,makayla,19,Female,67232,LP
724,aidan,amy,28,Male,84639,NW
725,arthur,amber,21,Male,60971,Natal
726,heidy,yehuda,77,Male,70544,MP
727,zara,jayden,43,Male,45336,GT
728,elena,aahil,70,Male,74294,Mpumalanga
729,kevin,natalie,67,Male,44055,NC
730,sydney,luna,51,Male,47405,LP
731,journee,kingsley,31,Female,66411,NW
732,wyatt,liam,40,Female,89296,FS
733,chana,sofia,39,Female,42953,NW
734,ori,brooklyn,19,Female,43383,MP
735,leah,thomas,73,Male,89446,NC
736,peyton,amadou,38,Male,42820,NL
737,eva,hudson,70,Female,57937,EC
738,oumou,jayda,65,Female,45681,LP
739,pinchus,matilda,38,Female,80685,EC
740,jaden,makayla,27,Male,85157,MP
741,iris,shane,46,Female,44364,NL
742,hawa,sabrina,49,Male,52359,WC
743,shoshana,justin,24,Female,56915,NC
744,heidi,hannah,76,Male,85159,GT
745,nylah,muhammad,65,Female,43633,EC
746,yechiel,zayden,42,Male,49993,WC
747,alma,filip,24,Female,65346,LP
748,gerard,samuel,23,Male,77859,NC
749,samuel,kylie,47,Male,57545,NL
750,martin,liliana,24,Male,80991,MP
751,liana,bruchy,46,Female,87962,FS
752,vanessa,raul,19,Female,64126,WC
753,allen,grayson,20,Male,82181,NL
754,eshal,yasmine,59,Female,55240,WC
755,ricardo,cindy,67,Male,81364,NC
756,bennett,kaylee,52,Female,77685,MP
757,prince,joseph,64,Male,77980,EasternCape
758,matias,justin,76,Male,63717,NL
759,elaine,anjali,24,Female,75566,GT
760,bella,leibish,64,Female,88311,NW
761,katelynn,aileen,49,Female,59537,EC
762,gabrielle,cesar,48,Male,46985,FS
763,brianna,amir,71,Male,61238,MP
764,shlome,reagan,40,Male,44848,LP
765,jayla,william,78,Male,63229,NC
766,amina,raya,38,Male,45670,GT
767,zaniyah,valerie,65,Male,66097,NL
768,caden,jefferson,80,Female,44230,WC
769,nico,jaliyah,52,Male,46416,GT
770,randy,simon,56,Female,80573,LP
771,hunter,shalom,79,Female,45021,WC
772,thomas,ariel,46,Male,55202,GT
773,kira,luke,48,Male,40346,EC
774,jonathan,chase,62,Female,61580,NW
775,raymond,arye,80,Male,75811,WC
776,bella,leon,61,Female,41017,FS
777,ayala,kelly,27,Male,41324,WesternCape
778,nicolas,zane,46,Male,69049,WC
779,jesus,fanta,50,Male,76892,GT
780,mia,litzy,51,Female,82122,NW
781,eddy,anne,39,Female,81535,FS
782,penelope,milan,34,Male,79739,WC
783,mirel,aliyah,73,Male,86837,NL
784,pinchas,fatoumata,57,Female,55695,NL
785,aiza,charles,52,Male,79551,WC
786,jeffrey,arianna,59,Male,60111,LP
787,yousef,jordan,50,Female,56253,NL
788,isaac,mariana,62,Female,86780,NW
789,justin,bradley,70,Female,50128,GT
790,maxwell,litzy,25,Female,51887,NC
791,ayan,jenna,53,Male,83866,NW
792,ricky,sarah,44,Male,56982,NC
793,adriana,gabriel,58,Male,61344,GT
794,heaven,antonia,80,Male,67719,NL
795,harrison,khloe,63,Male,75900,FreeState
796,lucas,raquel,24,Female,72683,NL
797,amani,alvin,31,Female,78559,GT
798,nikita,ivy,71,Female,86094,MP
799,owen,luca,67,Female,49192,NL
800,liliana,rocco,53,Male,85142,WC
801,noa,lauren,73,Female,68960,GT
802,zoey,amelia,31,Female,86146,LP
803,joselyn,sean,70,Female,52824,LP
804,tzvi,jorge,29,Female,79567,NW
805,nikhil,sylvia,27,Male,87558,WC
806,thomas,peyton,24,Female,88143,GT
807,arlette,emma,34,Female,60463,EC
808,milan,max,48,Female,64093,NL
809,morgan,noemi,34,Female,69490,GT
810,sanaa,emmanuel,51,Female,77001,NC
811,carter,ali,37,Female,56586,NL
812,ayaan,kevin,31,Male,54227,WC
813,mackenzie,ximena,34,Female,65830,WC
814,jaxon,mamadou,39,Female,70950,GT
815,frady,avery,21,Male,75850,FS
816,zev,chany,35,Female,56886,LP
817,julian,luna,53,Female,47170,NC
818,zissy,jesus,22,Male,42461,LP
819,ingrid,yaseen,35,Female,70844,GT
820,kylie,madeline,74,Female,56834,GT
821,eli,david,28,Female,47028,NW
822,gregory,austin,42,Female,82040,NC
823,seth,liba,45,Female,43961,LP
824,blima,lazer,60,Male,62264,GT
825,ryan,jack,68,Male,65020,NC
826,caiden,eduardo,32,Male,89690,NL
827,egypt,enrique,76,Female,64287,EasternCape
828,aaliyah,aryan,42,Female,55801,WC
829,alana,emery,25,Male,53064,NC
830,river,joshua,41,Female,64738,WC
831,sean,bryce,50,Female,49070,NW
832,fatima,devora,73,Female,66356,FS
833,ayden,sofia,75,Female,42991,NC
834,diya,christopher,68,Male,56120,MP
835,melvin,jonathan,74,Female,87415,NW
836,eva,brayden,37,Female,43949,NL
837,molly,summer,58,Male,59301,NC
838,xavier,isabelle,46,Female,80394,MP
839,pearl,addison,56,Female,60696,Gauteng
840,angelo,kaylin,34,Female,47558,LP
841,alexa,jonah,44,Male,75679,NL
842,heidi,ahmed,35,Female,78508,NC
843,claire,isaac,39,Male,80082,EC
844,alyssa,frank,22,Female,84664,GT
845,zaire,lukas,48,Female,86123,EC
846,mya,elliott,60,Male,57731,GT
847,athena,arisha,36,Male,50992,NW
848,mohammad,shea,77,Female,75510,WC
849,giselle,jaxon,56,Female,67628,NC
850,jaycob,christopher,28,Female,45846,Gauteng
851,ariel,madeline,57,Male,59758,WC
852,jack,isabel,19,Female,55920,NW
853,dov,sharon,59,Female,55577,NC
854,judy,ali,77,Male,54112,MP
855,jonathan,sage,59,Female,75150,NW
856,alberto,brody,61,Female,83204,EC
857,emma,abel,65,Male,57713,WC
858,meir,liam,30,Male,66720,FS
859,mariana,ibrahim,44,Female,49573,NC
860,stephanie,aryan,68,Male,59706,NW
861,riley,shlomo,63,Female,88469,WC
862,theodore,jaziel,25,Male,88294,LP
863,vivian,talia,24,Male,72301,EC
864,rihanna,devin,57,Male,45224,NL
865,emma,alex,72,Male,65689,LP
866,sarah,christina,75,Male,81099,MP
867,christopher,kendra,72,Male,51254,NC
868,kaylin,beckett,21,Male,62608,EC
869,ellie,adrian,56,Female,70902,EC
870,abril,lilah,40,Female,84252,MP
871,xavier,khloe,77,Female,78321,FS
872,skylah,sarah,52,Female,48171,WC
873,asia,aryeh,28,Female,56067,EC
874,nina,mya,53,Female,64472,WC
875,rebecca,julie,67,Female,73459,LP
876,yoel,parker,54,Male,72172,WC
877,myles,eli,58,Male,80524,LP
878,jamari,jose,27,Female,83359,GT
879,francesca,gael,69,Female,80639,WC
880,jean,erick,38,Male,86030,MP
881,thomas,melanie,35,Male,65275,GT
882,london,isabel,46,Male,42122,GT
883,grace,zain,27,Male,86739,MP
884,livia,chris,41,Female,62303,NC
885,vanessa,matthew,64,Male,71462,EC
886,alexandra,amina,30,Male,60323,GT
887,luna,leslie,62,Female,56181,FS
888,aayan,devin,72,Female,54245,NorthWest
889,wyatt,zainab,64,Male,40534,GT
890,dariel,gabriela,65,Male,58475,NL
891,natalie,scarlett,41,Male,67238,GT
892,felix,nathalie,72,Female,70653,GT
893,kaylie,nicole,65,Male,75481,FS
894,molly,lucas,59,Male,85925,NL
895,kai,lucas,45,Female,59794,GT
896,mendy,grace,53,Male,57569,LP
897,miranda,leandro,23,Female,64088,EC
898,ryder,yisroel,52,Male,65539,NW
899,naomi,elizabeth,47,Male,69431,GT
900,chaya,kameron,39,Male,44723,EC
901,danielle,elijah,37,Female,47780,FS
902,keila,johnathan,19,Female,85627,NW
903,diya,lyla,30,Male,54561,LP
904,leora,nikita,22,Male,59006,NC
905,june,alice,19,Female,83893,LP
906,kenny,evan,57,Male,72359,LP
907,oliver,erica,56,Male,70825,NL
908,leila,jeremiah,75,Female,85070,WC
909,gabriel,raizy,80,Female,81475,MP
910,chanie,jamie,30,Female,63327,LP
911,michelle,vera,42,Male,53999,Limpopo
912,ivy,yasmine,65,Female,88225,NW
913,everly,micah,19,Male,40208,FS
914,sean,eric,79,Male,61003,EC
915,julianna,kayden,37,Male,54408,WC
916,shira,miley,66,Female,77740,NC
917,rivka,dion,29,Female,83768,NC
918,everly,ariel,55,Female,53774,NC
919,vihaan,willa,29,Male,45637,LP
920,rebecca,nevaeh,71,Male,43481,WC
921,ismael,jared,66,Female,75148,NC
922,sergio,leon,22,Female,65252,NW
923,jaden,alice,57,Male,82800,FS
924,darren,oliver,23,Male,53067,EC
925,jeffrey,kayla,37,Male,41676,WC
926,silas,rayan,63,Male,64981,NL
927,sade,esteban,57,Female,43932,NL
928,manha,noah,49,Male,40110,WC
929,shiloh,derek,46,Female,56237,GT
930,athena,stephanie,73,Male,75000,WC
931,anna,charlotte,62,Female,54298,MP
932,bryanna,mikaela,61,Male,89450,NL
933,messiah,damien,52,Female,43489,NW
934,kiara,pablo,64,Male,66918,EC
935,rebecca,elian,38,Female,46405,MP
936,andrea,levi,18,Male,79849,NC
937,izabella,wyatt,65,Male,86024,GT
938,maddox,abdoulaye,42,Female,85379,EasternCape
939,jaden,makayla,78,Female,70460,EC
940,leyla,winston,71,Female,86101,MP
941,kayla,jordyn,70,Male,48736,FS
942,eric,malik,42,Male,64270,NW
943,chanie,nailah,80,Male,87001,EC
944,bella,david,31,Male,40563,EC
945,aziza,grace,40,Female,73789,WC
946,jesus,victoria,61,Male,52724,MP
947,chloe,jaiden,47,Female,57284,EC
948,camden,oscar,73,Male,89878,NL
949,israel,naomi,34,Male,65244,MP
950,tina,avery,49,Female,81218,NC
951,jariel,nicholas,38,Female,41053,Mpumalanga
952,elisheva,tyler,18,Female,71696,NL
953,tristan,kehlani,48,Female,88171,MP
954,claire,raymond,53,Male,68215,GT
955,jennifer,james,22,Male,69556,WC
956,baruch,fabian,57,Male,51220,FS
957,alexis,amira,79,Female,79562,GT
958,pierce,melany,42,Male,60900,EC
959,christine,alexis,57,Male,59839,FS
960,zahra,luka,28,Male,49931,NL
961,jayson,angel,68,Female,57299,NC
962,arjun,stephany,61,Male,71099,MP
963,joseph,brian,55,Male,82214,EC
964,adina,andy,43,Female,62805,FS
965,remy,vanessa,77,Female,67241,NW
966,patrick,sophia,64,Female,60233,MP
967,roiza,angelique,20,Male,86736,NL
968,arham,wilson,49,Male,56869,WC
969,john,adonis,49,Female,65641,FreeState
970,lucas,jade,35,Male,61918,NL
971,camilo,julian,77,Female,69857,NL
972,giuliana,ashton,32,Female,53811,EC
973,hannah,norah,23,Male,73161,EasternCape
974,jason,emerson,29,Male,68941,GT
975,janelle,antonio,18,Female,61479,GT
976,mikaela,lorenzo,34,Female,80446,EC
977,dennis,moussa,25,Female,52099,EasternCape
978,yitty,liyana,44,Female,66233,FS
979,ivy,derek,63,Female,43302,MP
980,keira,shmiel,75,Female,42420,WC
981,anderson,devorah,71,Male,52830,NC
982,zachary,batsheva,67,Female,84647,GT
983,peyton,layla,46,Male,50653,NC
984,rochel,london,34,Male,75580,GT
985,emma,spencer,23,Male,54171,FS
986,dahlia,cynthia,67,Male,77378,MP
987,kazi,mia,42,Female,59134,EC
988,oumou,jayda,57,Male,48565,EC
989,cora,jace,33,Female,57627,WesternCape
999,crystal,luna,71,Female,52113,LP
990,matthew,khloe,34,Male,70740,MP
991,ananya,jazmine,66,Male,61481,NW
992,scarlett,blima,77,Female,65846,FS
993,joseph,maximus,44,Male,72236,NW
994,quinn,blake,39,Male,86341,EC
995,amanda,mira,41,Female,54432,EasternCape
996,tianna,elizabeth,39,Female,81930,WC
997,mariah,januel,65,Female,45704,MP
998,liam,prince,52,Female,84203,MP
999,crystal,luna,71,Female,52113,LP
1000,nicholas,rylee,51,Male,84711,LP
